,Zl,Z,Zu,alpha,spread
0,-230100.0,1.0263418755458192e-10,-184000.0,19905147272.736958,46100.0
1,202300.0,0.0006161420326842,202500.0,0.0,200.0
2,198360.0,0.0005483333139086,201360.0,905.8979363467624,3000.0
3,201060.0,2.9389568076143006e-51,203880.0,0.0,2820.0
4,154359.18367346938,0.0006311706720009,250710.20408163263,527432.4062529911,96351.02040816325
5,137182.37650719564,0.0006345245888987,244093.77285103072,203540765.231084,106911.39634383508
6,111971.82352941176,0.0006345245888987,251296.64705882352,32576.68734266113,139324.82352941175
